<?xml version="1.0" encoding="UTF-8"?>
<beans xmlns="http://www.springframework.org/schema/beans"
	xmlns:xsi="http://www.w3.org/2001/XMLSchema-instance" xmlns:context="http://www.springframework.org/schema/context"
	xmlns:mvc="http://www.springframework.org/schema/mvc" xmlns:p="http://www.springframework.org/schema/p"
	xmlns:tx="http://www.springframework.org/schema/tx"
	xsi:schemaLocation="http://www.springframework.org/schema/mvc http://www.springframework.org/schema/mvc/spring-mvc-3.2.xsd
		http://www.springframework.org/schema/beans http://www.springframework.org/schema/beans/spring-beans.xsd
		http://www.springframework.org/schema/context http://www.springframework.org/schema/context/spring-context-3.2.xsd
		http://www.springframework.org/schema/tx http://www.springframework.org/schema/tx/spring-tx-3.2.xsd">

	<mvc:annotation-driven />
	<context:component-scan base-package="com.cg" />

	<bean class="org.springframework.web.servlet.view.InternalResourceViewResolver"
		p:prefix="/" p:suffix=".jsp" />
		<bean class="org.springframework.orm.jpa.support.PersistenceAnnotationBeanPostProcessor" />
	 
	<!-- This bean will hold references to our database -->
	<!-- <bean id="dataSource" 
	class="org.springframework.jdbc.datasource.
	DriverManagerDataSource">
		<property name="driverClassName" 
		value="oracle.jdbc.driver.OracleDriver" />
		<property name="url" 
		value="jdbc:oracle:thin:@localhost:1521:XE" />
		<property name="username" value="system" />
		<property name="password" value="root" />
	</bean> -->
	<bean id="dataSource"
 class="org.springframework.jdbc.datasource.DriverManagerDataSource">
 <property name="driverClassName"
  value="com.mysql.jdbc.Driver" />
 <property name="url"
  value="jdbc:mysql://localhost:3306/trainee" />
 <property name="username" value="gangadhar" />
 <property name="password" value="varshini@123" />
</bean>
<bean id="entityManagerFactoryBean"
 class="org.springframework.orm.jpa.LocalContainerEntityManagerFactoryBean">

 <property name="dataSource" ref="dataSource" />
 <property name="packagesToScan"
  value="com.cg" />
 <property name="jpaVendorAdapter">
  <bean class="org.springframework.orm.jpa.vendor.HibernateJpaVendorAdapter" />
 </property>

 <property name="jpaProperties">
  <props>
   <prop key="hibernate.hbm2ddl.auto">update</prop>
   <prop key="hibernate.dialect">org.hibernate.dialect.MySQLDialect</prop>
  </props>
 </property>
</bean>

<bean id="transactionManager"
 class="org.springframework.orm.jpa.JpaTransactionManager">
 <property name="entityManagerFactory"
  ref="entityManagerFactoryBean" />
</bean>

<tx:annotation-driven transaction-manager="transactionManager"/>
</beans>